id,kernel,scale_type,fit_time,total_time,mre
1,False,standard,37.45930624008179,37.58502984046936,0.003276178170332233
2,False,minmax,90.14747714996338,90.26547455787659,0.0029144169855353963
3,rbf,standard,35.706117153167725,36.10409641265869,0.15543248924139663
4,rbf,minmax,99.35129904747009,99.76367974281311,0.1549162422268754
5,sigmoid,standard,17.126124143600464,17.428648710250854,0.23521326343052648
6,sigmoid,minmax,58.57851529121399,58.883076429367065,0.23521132732335195
7,cosine,standard,45.95490622520447,46.28587365150452,0.900638005471033
8,cosine,minmax,117.88025736808777,118.21367645263672,0.9009619446191807
