id,scale_type,fit_time,best_train_loss,best_val_loss,best_train_mre,best_val_mre,best_train_mae,best_val_mae
1,minmax,132.104008436203,0.005479050981812179,0.007464648745954036,0.0035323587,0.0053305365,0.40391788,0.5352198
2,minmax,180.47622776031494,0.007176583665423095,0.008118828125298024,0.0064261006,0.0076775784,0.73789024,0.8932487
